Timestamp,Source_IP,Destination_IP,Data_Type,Matched_Content
2025-10-12 22:54:16,127.0.0.1,127.0.0.1,Email,saav@example.com
2025-10-12 22:54:16,127.0.0.1,127.0.0.1,Credit Card,4123456789012
2025-10-12 22:54:16,127.0.0.1,127.0.0.1,Phone Number,4123456789012
2025-10-12 22:54:16,127.0.0.1,127.0.0.1,Phone Number,123) 456-7890
2025-10-12 22:54:16,127.0.0.1,127.0.0.1,GPS Coordinate,"40.709, -74.0060"
2025-10-12 22:54:16,127.0.0.1,127.0.0.1,Email,test.user@example.com
2025-10-12 22:54:16,127.0.0.1,127.0.0.1,Credit Card,4111222233334444
2025-10-12 22:54:16,127.0.0.1,127.0.0.1,Phone Number,123) 456-7890
2025-10-12 22:54:16,127.0.0.1,127.0.0.1,GPS Coordinate,"40.7128, -74.0060"
2025-10-12 22:56:50,127.0.0.1,127.0.0.1,Credit Card,4111222233334444
2025-10-12 22:56:50,127.0.0.1,127.0.0.1,Email,test.user@example.com
2025-10-12 22:56:50,127.0.0.1,127.0.0.1,Phone Number,123) 456-7890
2025-10-12 22:56:50,127.0.0.1,127.0.0.1,GPS Coordinate,"40.7128, -74.0060"
2025-10-12 22:56:50,127.0.0.1,127.0.0.1,Credit Card,4111222233334444
2025-10-12 22:56:50,127.0.0.1,127.0.0.1,Email,test.user@example.com
2025-10-12 22:56:50,127.0.0.1,127.0.0.1,Phone Number,123) 456-7890
2025-10-12 22:56:50,127.0.0.1,127.0.0.1,GPS Coordinate,"40.7128, -74.0060"
2025-10-12 22:57:07,127.0.0.1,127.0.0.1,Email,saav@example.com
2025-10-12 22:57:07,127.0.0.1,127.0.0.1,Phone Number,123-456-7890
2025-10-12 22:57:07,127.0.0.1,127.0.0.1,GPS Coordinate,"40.709, -74.0060"
2025-10-12 22:57:07,127.0.0.1,127.0.0.1,Credit Card,4111222233334444
2025-10-12 22:57:07,127.0.0.1,127.0.0.1,Email,test.user@example.com
2025-10-12 22:57:07,127.0.0.1,127.0.0.1,Phone Number,123) 456-7890
2025-10-12 22:57:07,127.0.0.1,127.0.0.1,GPS Coordinate,"40.7128, -74.0060"
2025-10-12 22:57:37,127.0.0.1,127.0.0.1,Credit Card,4111222233334444
2025-10-12 22:57:37,127.0.0.1,127.0.0.1,Email,test.user@example.com
2025-10-12 22:57:37,127.0.0.1,127.0.0.1,Phone Number,123) 456-7890
2025-10-12 22:57:37,127.0.0.1,127.0.0.1,GPS Coordinate,"40.7128, -74.0060"
2025-10-12 22:57:37,127.0.0.1,127.0.0.1,Credit Card,4111222233334444
2025-10-12 22:57:37,127.0.0.1,127.0.0.1,Email,test.user@example.com
2025-10-12 22:57:37,127.0.0.1,127.0.0.1,Phone Number,123) 456-7890
2025-10-12 22:57:37,127.0.0.1,127.0.0.1,GPS Coordinate,"40.7128, -74.0060"
2025-10-12 22:58:07,127.0.0.1,127.0.0.1,Credit Card,4123456789012
2025-10-12 22:58:07,127.0.0.1,127.0.0.1,Email,istemancomm2425@gmail.com
2025-10-12 22:58:07,127.0.0.1,127.0.0.1,Phone Number,123-456-7890
2025-10-12 22:58:07,127.0.0.1,127.0.0.1,GPS Coordinate,"40.709, -74.0060"
2025-10-12 22:58:07,127.0.0.1,127.0.0.1,Credit Card,4111222233334444
2025-10-12 22:58:07,127.0.0.1,127.0.0.1,Email,test.user@example.com
2025-10-12 22:58:07,127.0.0.1,127.0.0.1,Phone Number,123) 456-7890
2025-10-12 22:58:07,127.0.0.1,127.0.0.1,GPS Coordinate,"40.7128, -74.0060"
2025-10-12 23:03:33,127.0.0.1,127.0.0.1,Credit Card,4111222233334444
2025-10-12 23:03:33,127.0.0.1,127.0.0.1,Email,test.user@example.com
2025-10-12 23:03:33,127.0.0.1,127.0.0.1,Phone Number,123) 456-7890
2025-10-12 23:03:33,127.0.0.1,127.0.0.1,GPS Coordinate,"40.7128, -74.0060"
2025-10-12 23:03:33,127.0.0.1,127.0.0.1,Credit Card,4111222233334444
2025-10-12 23:03:33,127.0.0.1,127.0.0.1,Email,test.user@example.com
2025-10-12 23:03:33,127.0.0.1,127.0.0.1,Phone Number,123) 456-7890
2025-10-12 23:03:33,127.0.0.1,127.0.0.1,GPS Coordinate,"40.7128, -74.0060"
2025-10-12 23:03:37,127.0.0.1,127.0.0.1,Email,istemancomm2425@gmail.com
2025-10-12 23:03:37,127.0.0.1,127.0.0.1,Phone Number,5123456789012
2025-10-12 23:03:37,127.0.0.1,127.0.0.1,Phone Number,123-456-7890
2025-10-12 23:03:37,127.0.0.1,127.0.0.1,GPS Coordinate,"40.709, -74.0060"
2025-10-12 23:03:38,127.0.0.1,127.0.0.1,Credit Card,4111222233334444
2025-10-12 23:03:38,127.0.0.1,127.0.0.1,Email,test.user@example.com
2025-10-12 23:03:38,127.0.0.1,127.0.0.1,Phone Number,123) 456-7890
2025-10-12 23:03:38,127.0.0.1,127.0.0.1,GPS Coordinate,"40.7128, -74.0060"
